{
  "n": 16384,
  "target": 0.9,
  "routers": {
    "centroid": {
      "recall": 0.9166666666666666,
      "cost": 299.0833333333333,
      "cost_frac": 0.018254597981770832,
      "reached": true,
      "frontier": [
        [
          0.9166666666666666,
          299.0833333333333
        ],
        [
          0.92,
          300.1766666666667
        ],
        [
          0.93,
          304.12
        ],
        [
          0.9666666666666667,
          670.99
        ],
        [
          0.9966666666666667,
          2219.326666666667
        ]
      ]
    },
    "lsh": {
      "recall": 0.56,
      "cost": 1001.6866666666666,
      "cost_frac": 0.06113810221354166,
      "reached": false,
      "frontier": [
        [
          0.12333333333333334,
          130.18333333333334
        ],
        [
          0.19333333333333333,
          259.6166666666667
        ],
        [
          0.37666666666666665,
          514.1766666666666
        ],
        [
          0.56,
          1001.6866666666666
        ]
      ]
    },
    "faiss-ivf": {
      "recall": 0.96,
      "cost": 256.0,
      "cost_frac": 0.015625,
      "reached": true,
      "frontier": [
        [
          0.89,
          128.0
        ],
        [
          0.96,
          256.0
        ],
        [
          0.9866666666666667,
          512.0
        ],
        [
          1.0,
          1024.0
        ],
        [
          1.0,
          2048.0
        ]
      ]
    },
    "treecode": {
      "recall": 0.9166666666666666,
      "cost": 125.0,
      "cost_frac": 0.00762939453125,
      "reached": true,
      "frontier": [
        [
          0.6833333333333333,
          50.0
        ],
        [
          0.8166666666666667,
          75.0
        ],
        [
          0.9166666666666666,
          125.0
        ],
        [
          0.99,
          225.0
        ],
        [
          0.9933333333333333,
          425.0
        ]
      ]
    }
  }
}