{
  "meta": {
    "H": 1,
    "d": 64,
    "block": 128,
    "sub": 32,
    "geometry": "clustered",
    "certify": true,
    "seed": 0,
    "gpu": "RTX 4080 16GB",
    "note": "single-head; selector_share = (append+route+maskbuild)/total; amortized_share_L24 = selector/(selector+24\u00b7attention) is an ARITHMETIC composition on the single-head rig (real multi-layer = Qwen leg); certificates certify selector==routing-metric top-\u03ba, not attention error"
  },
  "rows": [
    {
      "n": 262144,
      "nb": 2048,
      "geometry": "clustered",
      "certify": true,
      "rebuilds": 0,
      "append_ms": 2.716541290283203,
      "route_ms": 4.8046112060546875,
      "maskbuild_ms": 0.020265579223632812,
      "attention_ms": 1.1501312255859375,
      "total_ms": 8.691549301147461,
      "selector_ms": 7.541418075561523,
      "selector_share": 0.867672472911809,
      "amortized_share_L24": 0.21458275387193282,
      "cert_rate": 1.0,
      "mean_rounds": 0.0,
      "peak_mem_gb": 0.213847552
    },
    {
      "n": 1048576,
      "nb": 8192,
      "geometry": "clustered",
      "certify": true,
      "rebuilds": 1,
      "append_ms": 192.061185836792,
      "route_ms": 60.81843376159668,
      "maskbuild_ms": 0.01430511474609375,
      "attention_ms": 5.128026008605957,
      "total_ms": 258.0219507217407,
      "selector_ms": 252.89392471313477,
      "selector_share": 0.9801256211176537,
      "amortized_share_L24": 0.6726500680441215,
      "cert_rate": 0.9676513671875,
      "mean_rounds": 0.2696533203125,
      "peak_mem_gb": 0.565707264
    },
    {
      "n": 4194304,
      "nb": 32768,
      "geometry": "clustered",
      "certify": true,
      "rebuilds": 3,
      "append_ms": 132.08556175231934,
      "route_ms": 144.41227912902832,
      "maskbuild_ms": 0.017642974853515625,
      "attention_ms": 20.349979400634766,
      "total_ms": 296.86546325683594,
      "selector_ms": 276.5154838562012,
      "selector_share": 0.9314504988981194,
      "amortized_share_L24": 0.3614983202869071,
      "cert_rate": 0.856231689453125,
      "mean_rounds": 0.70269775390625,
      "peak_mem_gb": 2.230154752
    },
    {
      "n": 8388608,
      "nb": 65536,
      "geometry": "clustered",
      "certify": true,
      "rebuilds": 4,
      "append_ms": 231.2021255493164,
      "route_ms": 345.1509475708008,
      "maskbuild_ms": 0.016450881958007812,
      "attention_ms": 41.41891002655029,
      "total_ms": 617.7884340286255,
      "selector_ms": 576.3695240020752,
      "selector_share": 0.9329561582167284,
      "amortized_share_L24": 0.36701537749628693,
      "cert_rate": 0.6544342041015625,
      "mean_rounds": 1.026214599609375,
      "peak_mem_gb": 4.462572032
    },
    {
      "n": 12582912,
      "nb": 98304,
      "geometry": "clustered",
      "certify": true,
      "rebuilds": 5,
      "append_ms": 393.92948150634766,
      "route_ms": 519.6428298950195,
      "maskbuild_ms": 0.021219253540039062,
      "attention_ms": 66.80190563201904,
      "total_ms": 980.3954362869263,
      "selector_ms": 913.5935306549072,
      "selector_share": 0.931862284176863,
      "amortized_share_L24": 0.36299240204202404,
      "cert_rate": 0.7366943359375,
      "mean_rounds": 0.8044942220052084,
      "peak_mem_gb": 6.673695744
    }
  ]
}