{
  "rows": [
    {
      "nb": 1024,
      "flat_scored": 1024,
      "ivf_scored": 128.0,
      "agree": 0.9678261408730159
    },
    {
      "nb": 4096,
      "flat_scored": 4096,
      "ivf_scored": 256.0,
      "agree": 0.9582987975566101
    },
    {
      "nb": 16384,
      "flat_scored": 16384,
      "ivf_scored": 512.0,
      "agree": 0.9596475451089722
    },
    {
      "nb": 65536,
      "flat_scored": 65536,
      "ivf_scored": 1024.0,
      "agree": 0.9343060747845885
    }
  ],
  "proj_12M": {
    "floor": 424.8065386010516,
    "flat_total": 54409.12554734537,
    "ivf_total": 468.68528986328494,
    "flat_gap": 128.0797742109205,
    "ivf_gap": 1.103291139083528
  }
}