{
  "meta": {
    "B": 1,
    "H": 1,
    "d": 64,
    "block": 128,
    "top_c": 8,
    "local": 1,
    "nprobe": 4,
    "dtype": "float16",
    "seed": 0,
    "gpu": "RTX 4080 16GB",
    "dense_max_measured": 4194304,
    "note": "single-head; synthetic random keys (SPEED ONLY \u2014 selection quality is P3/P4); dense measured to dense_max then power-law fit (dense_is_fit)."
  },
  "rows": [
    {
      "n": 262144,
      "nb": 2048,
      "reps": 6,
      "router_ms": 7.805347442626953,
      "router_build_ms": 7.37301508585612,
      "router_search_ms": 0.2846717834472656,
      "mean_blocks_per_row": 7.9375,
      "kv_frac": 0.007747681795998048,
      "maskbuild_ms": 0.0021457672119140625,
      "attention_ms": 0.9493430455525717,
      "total_ms": 8.632938067118326,
      "dense_ms": 109.99584197998047,
      "dense_is_fit": false,
      "peak_mem_gb": 0.136495104,
      "speedup_vs_dense": 12.74141446687073
    },
    {
      "n": 524288,
      "nb": 4096,
      "reps": 6,
      "router_ms": 10.19585132598877,
      "router_build_ms": 8.615732192993164,
      "router_search_ms": 0.3496011098225911,
      "mean_blocks_per_row": 7.8720703125,
      "kv_frac": 0.0038428461374176224,
      "maskbuild_ms": 0.0022252400716145835,
      "attention_ms": 1.7420848210652669,
      "total_ms": 11.163751284281412,
      "dense_ms": 408.33306312561035,
      "dense_is_fit": false,
      "peak_mem_gb": 0.272990208,
      "speedup_vs_dense": 36.576689387602556
    },
    {
      "n": 1048576,
      "nb": 8192,
      "reps": 6,
      "router_ms": 13.49171002705892,
      "router_build_ms": 12.54729429880778,
      "router_search_ms": 0.6711880366007487,
      "mean_blocks_per_row": 7.8973388671875,
      "kv_frac": 0.0019278259165598681,
      "maskbuild_ms": 0.001986821492513021,
      "attention_ms": 3.1947692235310874,
      "total_ms": 16.12977186838786,
      "dense_ms": 1616.7108217875164,
      "dense_is_fit": false,
      "peak_mem_gb": 0.545980416,
      "speedup_vs_dense": 100.23147475235207
    },
    {
      "n": 2097152,
      "nb": 16384,
      "reps": 6,
      "router_ms": 22.392988204956055,
      "router_build_ms": 17.40097999572754,
      "router_search_ms": 1.3374884923299153,
      "mean_blocks_per_row": 7.91192626953125,
      "kv_frac": 0.0009657523673519988,
      "maskbuild_ms": 0.0029802322387695312,
      "attention_ms": 6.6496531168619795,
      "total_ms": 28.72021993001302,
      "dense_ms": 6545.637289683024,
      "dense_is_fit": false,
      "peak_mem_gb": 1.091960832,
      "speedup_vs_dense": 227.9104166205477
    },
    {
      "n": 4194304,
      "nb": 32768,
      "reps": 3,
      "router_ms": 36.409219106038414,
      "router_build_ms": 29.22503153483073,
      "router_search_ms": 3.830432891845703,
      "mean_blocks_per_row": 7.88134765625,
      "kv_frac": 0.0004810246059537978,
      "maskbuild_ms": 0.0030994415283203125,
      "attention_ms": 13.46739133199056,
      "total_ms": 52.02531814575195,
      "dense_ms": 26279.15072441101,
      "dense_is_fit": false,
      "peak_mem_gb": 2.183921664,
      "speedup_vs_dense": 505.1223454470464
    },
    {
      "n": 8388608,
      "nb": 65536,
      "reps": 3,
      "router_ms": 65.06570180257161,
      "router_build_ms": 58.168649673461914,
      "router_search_ms": 9.44368044535319,
      "mean_blocks_per_row": 7.873077392578125,
      "kv_frac": 0.00024026358828076126,
      "maskbuild_ms": 0.003258387247721354,
      "attention_ms": 32.57322311401367,
      "total_ms": 94.30782000223796,
      "dense_ms": 101798.0680283197,
      "dense_is_fit": true,
      "peak_mem_gb": 4.367843328,
      "speedup_vs_dense": 1079.4234033392352
    },
    {
      "n": 12582912,
      "nb": 98304,
      "reps": 3,
      "router_ms": 101.35761896769206,
      "router_build_ms": 73.2869307200114,
      "router_search_ms": 16.454299290974934,
      "mean_blocks_per_row": 7.877370357513428,
      "kv_frac": 0.00016026387991482485,
      "maskbuild_ms": 0.003258387247721354,
      "attention_ms": 47.5465456644694,
      "total_ms": 139.45571581522623,
      "dense_ms": 227226.7830373005,
      "dense_is_fit": true,
      "peak_mem_gb": 6.551764992,
      "speedup_vs_dense": 1629.3830748276232
    }
  ],
  "dense_fit": {
    "p": 1.9803367074098817,
    "a": 1.979257392062469e-09,
    "fit_points_n": [
      262144,
      524288,
      1048576,
      2097152,
      4194304
    ]
  }
}