{
  "meta": {
    "H": 1,
    "d": 64,
    "block": 128,
    "top_c": 8,
    "local": 1,
    "nprobe": 4,
    "steps": 128,
    "seed": 0,
    "dtype": "float16",
    "gpu": "RTX 4080 16GB",
    "index_policy": "prefill-build + add-on-block-complete; no retrain (steps<<n; a serving loop would retrain the quantizer every R blocks as centroids drift)",
    "dense_reference": "FAIR: measured fp16 flash-decode row (sdpa q_len=1) over the full prefix, no fp32 K/V copy (reads ~2\u00b7n\u00b7d\u00b72 bytes, in dense_read_gb). The previous fp32-upcasting reference (copies whole-prefix K and V to fp32 every step, ~5x slower) is reported as dense_naive_step_ms_mean; the headline speedup uses the fair baseline"
  },
  "rows": [
    {
      "n": 1048576,
      "nb": 8192,
      "ssa_step_ms_mean": 0.600745901465416,
      "dense_step_ms_mean": 0.5207657814025879,
      "dense_naive_step_ms_mean": 2.577049657702446,
      "dense_measured": true,
      "speedup": 0.866865308830688,
      "speedup_vs_naive": 4.289749878303253,
      "search_ms_p50": 0.12159347534179688,
      "gather_attend_ms_p50": 0.5395412445068359,
      "kappa_keys": 1280,
      "dense_read_gb": 0.268435456,
      "steps": 128
    },
    {
      "n": 2097152,
      "nb": 16384,
      "ssa_step_ms_mean": 0.5563236773014069,
      "dense_step_ms_mean": 0.9061191231012344,
      "dense_naive_step_ms_mean": 5.171146243810654,
      "dense_measured": true,
      "speedup": 1.628762463421657,
      "speedup_vs_naive": 9.295211501503312,
      "search_ms_p50": 0.12731552124023438,
      "gather_attend_ms_p50": 0.5309581756591797,
      "kappa_keys": 1280,
      "dense_read_gb": 0.536870912,
      "steps": 128
    },
    {
      "n": 4194304,
      "nb": 32768,
      "ssa_step_ms_mean": 0.5506500601768494,
      "dense_step_ms_mean": 1.7979629337787628,
      "dense_naive_step_ms_mean": 10.260837152600288,
      "dense_measured": true,
      "speedup": 3.2651643281421245,
      "speedup_vs_naive": 18.634043460024085,
      "search_ms_p50": 0.12564659118652344,
      "gather_attend_ms_p50": 0.5502700805664062,
      "kappa_keys": 1280,
      "dense_read_gb": 1.073741824,
      "steps": 128
    },
    {
      "n": 8388608,
      "nb": 65536,
      "ssa_step_ms_mean": 0.5437806248664856,
      "dense_step_ms_mean": 3.5849492996931076,
      "dense_naive_step_ms_mean": 20.477203652262688,
      "dense_measured": true,
      "speedup": 6.592638898403782,
      "speedup_vs_naive": 37.65710419949305,
      "search_ms_p50": 0.1308917999267578,
      "gather_attend_ms_p50": 0.5481243133544922,
      "kappa_keys": 1280,
      "dense_read_gb": 2.147483648,
      "steps": 128
    },
    {
      "n": 12582912,
      "nb": 98304,
      "ssa_step_ms_mean": 0.5773194134235382,
      "dense_step_ms_mean": 5.272405222058296,
      "dense_naive_step_ms_mean": 30.963949859142303,
      "dense_measured": true,
      "speedup": 9.132561801087931,
      "speedup_vs_naive": 53.63400076142296,
      "search_ms_p50": 0.1266002655029297,
      "gather_attend_ms_p50": 0.5576610565185547,
      "kappa_keys": 1280,
      "dense_read_gb": 3.221225472,
      "steps": 128
    }
  ]
}